<?xml version="1.0" encoding="UTF-8"?>
<project-private xmlns="http://www.netbeans.org/ns/project-private/1">
    <editor-bookmarks xmlns="http://www.netbeans.org/ns/editor-bookmarks/2" lastBookmarkId="0"/>
    <open-files xmlns="http://www.netbeans.org/ns/projectui-open-files/2">
        <group>
            <file>file:/C:/Users/Office%20Computer/OneDrive/School/School%20Classes/Class%20CST-135/CST-135_Bug-Smashers-Final-Project/Joint%20submission/Topic%206/vendingmachine/src/vendingmachine/TransactionManager.java</file>
            <file>file:/C:/Users/Office%20Computer/OneDrive/School/School%20Classes/Class%20CST-135/CST-135_Bug-Smashers-Final-Project/Joint%20submission/Topic%206/vendingmachine/src/vendingmachine/AnimationController.java</file>
            <file>file:/C:/Users/Office%20Computer/OneDrive/School/School%20Classes/Class%20CST-135/CST-135_Bug-Smashers-Final-Project/Joint%20submission/Topic%206/vendingmachine/src/vendingmachine/Dispenser.java</file>
            <file>file:/C:/Users/Office%20Computer/OneDrive/School/School%20Classes/Class%20CST-135/CST-135_Bug-Smashers-Final-Project/Joint%20submission/Topic%206/vendingmachine/src/vendingmachine/InventoryManager.java</file>
        </group>
    </open-files>
</project-private>
